SUCCESS,first_name,last_name,email
1,Abe,Adams,aadams@example.com
2,Bo,Brown,bbrown@example.com
3,Connie,Connor,cconnor@example.com
4,Eric,Eddies,eeddies@example.com
5,Finn,Fletcher,ffletcher@example.com
6,George,Gregorovich,ggregorovich@example.com
7,Henry,Harris,hharris@example.com
8,Igor,Ignacious,iignacious@example.com
9,Julie,Jones,jjones@example.com
10,Kim,Kaplan,kkaplan@example.com
11,Lilly,Leman,lleman@example.com
12,Monty,Miller,mmiller@example.com
13,Norbert,Norris,nnorris@example.com
14,Ophelia,O'Hare,oo'hare@example.com
15,Penny,Prince,pprince@example.com
16,Quint,Quincy,qquincy@example.com
17,Rufus,Roberts,rroberts@example.com
18,Sam,Smith,ssmith@example.com
19,Tracy,Torren,ttorren@example.com
20,Ursula,Underwood,uunderwood@example.com
21,Vincent,Vonn,vvonn@example.com
22,Winnie,Williams,wwilliams@example.com
23,Xavier,Xi,xxi@example.com
24,Yolanda,Yellen,yyellen@example.com
25,Zinnia,Zielen,zzielen@example.com
